{"Index": "GDAXI", "Date": "2015-09-16", "Open": 10288.38965, "High": 10336.2002, "Low": 10173.95996, "Close": 10227.20996, "Adj Close": 10227.20996, "Volume": 122166400.0, "CloseUSD": 12477.1961512}