{"Index": "TWII", "Date": "2018-01-08", "Open": 10899.08984, "High": 10918.46973, "Low": 10869.12012, "Close": 10915.75, "Adj Close": 10915.75, "Volume": 3246900.0, "CloseUSD": 436.63}